{"stats":{"minecraft:used":{"minecraft:carrot_on_a_stick":591,"minecraft:diamond_sword":58},"minecraft:dropped":{"minecraft:diamond_sword":2,"minecraft:carrot_on_a_stick":2},"minecraft:custom":{"minecraft:jump":855,"minecraft:time_since_rest":44872,"minecraft:damage_dealt":0,"minecraft:crouch_one_cm":2996,"minecraft:leave_game":3,"minecraft:sprint_one_cm":329777,"minecraft:play_time":44872,"minecraft:damage_taken":0,"minecraft:time_since_death":44872,"minecraft:walk_one_cm":119421,"minecraft:sneak_time":1028,"minecraft:total_world_time":44872,"minecraft:climb_one_cm":5403,"minecraft:damage_resisted":969348,"minecraft:drop":4,"minecraft:fall_one_cm":27123,"minecraft:fly_one_cm":199216}},"DataVersion":2730}