{"stats":{"minecraft:custom":{"minecraft:mob_kills":12,"minecraft:interact_with_grindstone":1,"minecraft:leave_game":19,"minecraft:time_since_death":206890,"minecraft:climb_one_cm":18942,"minecraft:damage_resisted":9684285,"minecraft:time_since_rest":206910,"minecraft:damage_taken":280,"minecraft:sprint_one_cm":1734612,"minecraft:open_enderchest":63,"minecraft:walk_one_cm":4022592,"minecraft:drop":3,"minecraft:damage_dealt":24496,"minecraft:swim_one_cm":2442,"minecraft:fly_one_cm":7004247,"minecraft:crouch_one_cm":27409,"minecraft:play_time":2310514,"minecraft:deaths":2,"minecraft:sneak_time":23851,"minecraft:walk_under_water_one_cm":6869,"minecraft:jump":18119,"minecraft:walk_on_water_one_cm":728,"minecraft:total_world_time":2310514,"minecraft:fall_one_cm":397001},"minecraft:used":{"minecraft:calcite":24,"minecraft:oak_fence":16,"minecraft:dark_oak_stairs":137,"minecraft:water_bucket":4,"minecraft:netherite_sword":11,"minecraft:end_rod":2,"minecraft:iron_bars":9,"minecraft:amethyst_block":12,"minecraft:light_gray_stained_glass_pane":19,"minecraft:armor_stand":50,"minecraft:red_stained_glass":8,"minecraft:red_concrete":75,"minecraft:carrot_on_a_stick":12945,"minecraft:ladder":5,"minecraft:oak_planks":137,"minecraft:oak_sign":5,"minecraft:spruce_planks":19,"minecraft:ender_chest":5,"minecraft:stone":178,"minecraft:magenta_stained_glass":12,"minecraft:quartz_stairs":117,"minecraft:glow_ink_sac":1,"minecraft:player_head":2,"minecraft:deepslate_bricks":7,"minecraft:white_wool":25,"minecraft:pink_concrete":2,"minecraft:rail":7,"minecraft:oak_slab":77,"minecraft:prismarine_brick_stairs":3,"minecraft:granite":4,"minecraft:cyan_wool":5,"minecraft:spruce_fence":41,"minecraft:end_stone":14,"minecraft:blue_concrete":28,"minecraft:oak_fence_gate":4,"minecraft:polished_diorite":1,"minecraft:birch_fence":16,"minecraft:amethyst_cluster":1,"minecraft:glass":7,"minecraft:dark_oak_planks":6,"minecraft:yellow_dye":1,"minecraft:light":56,"minecraft:sea_lantern":36,"minecraft:black_concrete":70,"minecraft:lava_bucket":20,"minecraft:grass_block":78,"minecraft:red_wool":24,"minecraft:quartz_slab":4,"minecraft:command_block":62,"minecraft:birch_slab":5,"minecraft:yellow_stained_glass":2,"minecraft:iron_block":37,"minecraft:light_weighted_pressure_plate":3,"minecraft:oak_stairs":45,"minecraft:brown_wool":2,"minecraft:barrier":164,"minecraft:stone_button":2,"minecraft:quartz_block":310,"minecraft:cyan_concrete":31,"minecraft:smooth_quartz":174,"minecraft:pink_wool":3,"minecraft:stone_brick_stairs":6,"minecraft:stone_bricks":4,"minecraft:stripped_warped_hyphae":4,"minecraft:birch_button":11,"minecraft:glowstone":6,"minecraft:diamond_sword":706,"minecraft:red_stained_glass_pane":8,"minecraft:lime_concrete":36,"minecraft:cobblestone":4,"minecraft:bow":254,"minecraft:magenta_wool":7,"minecraft:podzol":84,"minecraft:gold_block":4,"minecraft:glass_pane":69,"minecraft:minecart":1,"minecraft:chain":32,"minecraft:polished_diorite_stairs":4,"minecraft:pink_stained_glass":1,"minecraft:repeating_command_block":6,"minecraft:stone_pressure_plate":2,"minecraft:stripped_oak_log":9,"minecraft:white_concrete":19,"minecraft:dandelion":3,"minecraft:purple_wool":19,"minecraft:birch_stairs":16,"minecraft:cobweb":28},"minecraft:dropped":{"minecraft:carrot_on_a_stick":1,"minecraft:arrow":1,"minecraft:armor_stand":1},"minecraft:killed":{"minecraft:zombie":11}},"DataVersion":2730}