{"stats":{"minecraft:used":{"minecraft:carrot_on_a_stick":229,"minecraft:diamond_sword":27,"minecraft:bow":10},"minecraft:custom":{"minecraft:jump":600,"minecraft:time_since_rest":29911,"minecraft:leave_game":1,"minecraft:damage_dealt":0,"minecraft:crouch_one_cm":549,"minecraft:damage_taken":0,"minecraft:sprint_one_cm":89867,"minecraft:play_time":29911,"minecraft:open_enderchest":9,"minecraft:time_since_death":29911,"minecraft:walk_one_cm":101451,"minecraft:sneak_time":381,"minecraft:total_world_time":29911,"minecraft:damage_resisted":326439,"minecraft:fall_one_cm":10615,"minecraft:drop":1,"minecraft:fly_one_cm":135919},"minecraft:dropped":{"minecraft:diamond_sword":1}},"DataVersion":2730}