{"stats":{"minecraft:custom":{"minecraft:time_since_rest":26707,"minecraft:crouch_one_cm":697,"minecraft:play_time":26707,"minecraft:sprint_one_cm":199346,"minecraft:open_enderchest":1,"minecraft:damage_taken":0,"minecraft:walk_one_cm":56721,"minecraft:sneak_time":382,"minecraft:walk_under_water_one_cm":4391,"minecraft:drop":1,"minecraft:jump":475,"minecraft:damage_dealt":0,"minecraft:leave_game":4,"minecraft:walk_on_water_one_cm":79,"minecraft:time_since_death":26707,"minecraft:climb_one_cm":1576,"minecraft:total_world_time":26707,"minecraft:damage_resisted":363318,"minecraft:swim_one_cm":799,"minecraft:fall_one_cm":12329,"minecraft:fly_one_cm":130023},"minecraft:mined":{"minecraft:red_stained_glass":1},"minecraft:dropped":{"minecraft:carrot_on_a_stick":1},"minecraft:used":{"minecraft:diamond_sword":10,"minecraft:carrot_on_a_stick":404}},"DataVersion":2730}