{"stats":{"minecraft:custom":{"minecraft:mob_kills":4,"minecraft:leave_game":32,"minecraft:time_since_death":340388,"minecraft:climb_one_cm":23095,"minecraft:damage_resisted":11303687,"minecraft:time_since_rest":340408,"minecraft:sprint_one_cm":2633448,"minecraft:open_enderchest":44,"minecraft:damage_taken":0,"minecraft:walk_one_cm":2117712,"minecraft:drop":40,"minecraft:damage_dealt":346,"minecraft:swim_one_cm":25780,"minecraft:fly_one_cm":21301988,"minecraft:open_chest":3,"minecraft:crouch_one_cm":71650,"minecraft:play_time":1559621,"minecraft:deaths":4,"minecraft:sneak_time":33566,"minecraft:walk_under_water_one_cm":75697,"minecraft:interact_with_lectern":20,"minecraft:jump":18855,"minecraft:walk_on_water_one_cm":20238,"minecraft:total_world_time":1559621,"minecraft:fall_one_cm":316397},"minecraft:used":{"minecraft:calcite":3,"minecraft:oak_trapdoor":4,"minecraft:quartz_bricks":12,"minecraft:light_blue_stained_glass_pane":2,"minecraft:mossy_stone_bricks":35,"minecraft:water_bucket":20,"minecraft:sandstone_stairs":18,"minecraft:wither_skeleton_skull":3,"minecraft:end_rod":262,"minecraft:nether_brick_wall":9,"minecraft:end_stone_bricks":2,"minecraft:amethyst_block":11,"minecraft:stripped_birch_log":13,"minecraft:light_blue_glazed_terracotta":11,"minecraft:red_stained_glass":16,"minecraft:red_nether_bricks":25,"minecraft:polished_deepslate":2,"minecraft:orange_concrete":1,"minecraft:flint_and_steel":32,"minecraft:cyan_candle":12,"minecraft:cut_red_sandstone_slab":53,"minecraft:spruce_slab":132,"minecraft:birch_planks":25,"minecraft:prismarine":2,"minecraft:red_concrete":1,"minecraft:redstone":47,"minecraft:polished_blackstone":46,"minecraft:polished_andesite":116,"minecraft:carrot_on_a_stick":2444,"minecraft:ladder":5,"minecraft:oak_planks":85,"minecraft:black_carpet":9,"minecraft:smooth_sandstone_slab":182,"minecraft:waxed_oxidized_cut_copper":1,"minecraft:polished_basalt":1,"minecraft:white_concrete_powder":5,"minecraft:spruce_planks":120,"minecraft:white_terracotta":31,"minecraft:brown_concrete":2,"minecraft:stone":1426,"minecraft:magenta_stained_glass":9,"minecraft:stripped_birch_wood":4,"minecraft:beacon":2,"minecraft:quartz_stairs":290,"minecraft:spruce_fence_gate":4,"minecraft:deepslate_bricks":61,"minecraft:netherrack":63,"minecraft:debug_stick":79,"minecraft:pink_concrete":11,"minecraft:white_wool":83,"minecraft:orange_stained_glass":14,"minecraft:soul_campfire":86,"minecraft:glow_item_frame":1,"minecraft:warped_wart_block":105,"minecraft:respawn_anchor":2,"minecraft:end_stone_brick_wall":62,"minecraft:dark_oak_trapdoor":3,"minecraft:sand":13,"minecraft:dirt":851,"minecraft:soul_sand":9,"minecraft:purpur_stairs":11,"minecraft:yellow_terracotta":1,"minecraft:cut_sandstone_slab":63,"minecraft:tnt":15,"minecraft:cyan_glazed_terracotta":15,"minecraft:prismarine_bricks":2,"minecraft:twisting_vines":3,"minecraft:spruce_stairs":187,"minecraft:nether_bricks":6,"minecraft:yellow_concrete":52,"minecraft:stone_brick_wall":4,"minecraft:magenta_carpet":153,"minecraft:tuff":16,"minecraft:painting":357,"minecraft:granite":12,"minecraft:spruce_fence":70,"minecraft:end_stone":207,"minecraft:warped_planks":9,"minecraft:dark_oak_door":6,"minecraft:obsidian":165,"minecraft:black_wool":15,"minecraft:light":2,"minecraft:birch_fence":10,"minecraft:redstone_torch":16,"minecraft:oak_log":2409,"minecraft:dark_prismarine":1,"minecraft:black_terracotta":237,"minecraft:netherite_block":96,"minecraft:dark_oak_planks":36,"minecraft:blue_glazed_terracotta":18,"minecraft:waxed_oxidized_copper":39,"minecraft:sea_lantern":2,"minecraft:acacia_stairs":67,"minecraft:black_concrete":161,"minecraft:stripped_dark_oak_wood":683,"minecraft:warped_trapdoor":91,"minecraft:coal_ore":1,"minecraft:crying_obsidian":125,"minecraft:quartz_pillar":100,"minecraft:lantern":67,"minecraft:warped_hyphae":36,"minecraft:red_wool":74,"minecraft:quartz_slab":284,"minecraft:birch_slab":7,"minecraft:yellow_stained_glass":4,"minecraft:iron_block":3,"minecraft:grass_block":192,"minecraft:barrier":97,"minecraft:brown_stained_glass":12,"minecraft:smooth_sandstone":157,"minecraft:quartz_block":813,"minecraft:warped_nylium":10,"minecraft:purpur_slab":28,"minecraft:spruce_trapdoor":8,"minecraft:deepslate":1,"minecraft:pink_wool":15,"minecraft:bedrock":1,"minecraft:crimson_planks":71,"minecraft:smooth_basalt":1,"minecraft:stone_brick_stairs":35,"minecraft:stone_bricks":302,"minecraft:soul_lantern":1,"minecraft:item_frame":2,"minecraft:birch_trapdoor":4,"minecraft:yellow_concrete_powder":1,"minecraft:tripwire_hook":4,"minecraft:stripped_warped_hyphae":1,"minecraft:basalt":1,"minecraft:glowstone":1062,"minecraft:diamond_sword":1497,"minecraft:coal_block":16,"minecraft:brown_carpet":29,"minecraft:bow":14,"minecraft:snow":79,"minecraft:black_stained_glass":58,"minecraft:magenta_wool":33,"minecraft:stripped_crimson_hyphae":4,"minecraft:gray_glazed_terracotta":17,"minecraft:red_concrete_powder":1,"minecraft:lime_stained_glass":2,"minecraft:dark_oak_fence":33,"minecraft:white_stained_glass_pane":7,"minecraft:white_stained_glass":5,"minecraft:chain":95,"minecraft:gold_block":77,"minecraft:skeleton_skull":35,"minecraft:dragon_head":5,"minecraft:white_concrete":43,"minecraft:kelp":79,"minecraft:cobbled_deepslate":1,"minecraft:mossy_stone_brick_wall":27,"minecraft:green_stained_glass_pane":5,"minecraft:smooth_stone":60,"minecraft:purple_wool":41,"minecraft:birch_stairs":145,"minecraft:soul_torch":21},"minecraft:dropped":{"minecraft:barrier":3,"minecraft:carrot_on_a_stick":3,"minecraft:netherite_block":1,"minecraft:wooden_axe":1,"minecraft:red_dye":32},"minecraft:killed":{"minecraft:zombie":1}},"DataVersion":2730}