{"stats":{"minecraft:custom":{"minecraft:time_since_rest":298253,"minecraft:sprint_one_cm":274564,"minecraft:open_enderchest":2,"minecraft:damage_taken":0,"minecraft:walk_one_cm":293135,"minecraft:mob_kills":1,"minecraft:drop":1,"minecraft:damage_dealt":3920,"minecraft:fly_one_cm":1591609,"minecraft:crouch_one_cm":3241,"minecraft:play_time":298253,"minecraft:sneak_time":3842,"minecraft:walk_under_water_one_cm":34,"minecraft:jump":446,"minecraft:interact_with_grindstone":1,"minecraft:leave_game":6,"minecraft:time_since_death":298253,"minecraft:walk_on_water_one_cm":459,"minecraft:total_world_time":298253,"minecraft:climb_one_cm":955,"minecraft:damage_resisted":180294,"minecraft:fall_one_cm":7556},"minecraft:used":{"minecraft:shroomlight":1,"minecraft:redstone_torch":33,"minecraft:light":10,"minecraft:activator_rail":12,"minecraft:black_concrete":25,"minecraft:yellow_stained_glass":2,"minecraft:amethyst_block":17,"minecraft:iron_block":1,"minecraft:gray_dye":8,"minecraft:red_concrete":8,"minecraft:smooth_sandstone":1,"minecraft:flint_and_steel":11,"minecraft:command_block":7,"minecraft:quartz_slab":1,"minecraft:powered_rail":16,"minecraft:lantern":3,"minecraft:armor_stand":4,"minecraft:oak_stairs":38,"minecraft:carrot_on_a_stick":408,"minecraft:redstone":2,"minecraft:barrier":2,"minecraft:oak_planks":113,"minecraft:oak_sign":2,"minecraft:quartz_block":15,"minecraft:stone":37,"minecraft:white_dye":2,"minecraft:magenta_stained_glass":29,"minecraft:quartz_stairs":3,"minecraft:glow_ink_sac":2,"minecraft:player_head":14,"minecraft:white_wool":1,"minecraft:torch":2,"minecraft:glow_item_frame":2,"minecraft:diamond_sword":53,"minecraft:sand":5,"minecraft:rail":59,"minecraft:emerald_block":1,"minecraft:oak_slab":48,"minecraft:chain":44,"minecraft:yellow_concrete":1,"minecraft:cyan_dye":1,"minecraft:magenta_candle":39,"minecraft:stone_brick_wall":2,"minecraft:white_concrete":2,"minecraft:spruce_fence":199,"minecraft:end_stone":9,"minecraft:purple_wool":7,"minecraft:soul_torch":2,"minecraft:cobweb":51,"minecraft:birch_stairs":20,"minecraft:green_stained_glass":7},"minecraft:dropped":{"minecraft:spruce_fence":1},"minecraft:killed":{"minecraft:zombie":1}},"DataVersion":2730}