{"stats":{"minecraft:used":{"minecraft:carrot_on_a_stick":653,"minecraft:oak_sign":1},"minecraft:custom":{"minecraft:jump":1341,"minecraft:leave_game":1,"minecraft:time_since_rest":56545,"minecraft:walk_on_water_one_cm":537,"minecraft:damage_dealt":0,"minecraft:crouch_one_cm":8205,"minecraft:sprint_one_cm":255144,"minecraft:open_enderchest":11,"minecraft:play_time":56545,"minecraft:damage_taken":0,"minecraft:time_since_death":56545,"minecraft:walk_one_cm":146564,"minecraft:walk_under_water_one_cm":192,"minecraft:sneak_time":3591,"minecraft:climb_one_cm":11616,"minecraft:total_world_time":56545,"minecraft:damage_resisted":2147270,"minecraft:fall_one_cm":59163,"minecraft:fly_one_cm":601442}},"DataVersion":2730}