{"stats":{"minecraft:killed":{"minecraft:sheep":1},"minecraft:custom":{"minecraft:time_since_rest":10935,"minecraft:sprint_one_cm":427157,"minecraft:damage_taken":0,"minecraft:walk_one_cm":351565,"minecraft:mob_kills":1,"minecraft:drop":3,"minecraft:damage_dealt":12,"minecraft:fly_one_cm":849527,"minecraft:crouch_one_cm":23421,"minecraft:play_time":169150,"minecraft:sneak_time":8205,"minecraft:interact_with_lectern":12,"minecraft:jump":1787,"minecraft:leave_game":3,"minecraft:time_since_death":169150,"minecraft:sleep_in_bed":3,"minecraft:total_world_time":169150,"minecraft:climb_one_cm":18569,"minecraft:damage_resisted":1138243,"minecraft:fall_one_cm":44209},"minecraft:dropped":{"minecraft:diamond_sword":3},"minecraft:used":{"minecraft:birch_fence":105,"minecraft:writable_book":2,"minecraft:sea_lantern":19,"minecraft:black_concrete":159,"minecraft:quartz_pillar":60,"minecraft:command_block":21,"minecraft:light_gray_concrete":133,"minecraft:red_concrete":47,"minecraft:red_stained_glass":2,"minecraft:carrot_on_a_stick":254,"minecraft:redstone":6,"minecraft:polished_andesite":15,"minecraft:barrier":76,"minecraft:quartz_block":84,"minecraft:lectern":3,"minecraft:redstone_block":4,"minecraft:smooth_quartz":1,"minecraft:quartz_stairs":1,"minecraft:diorite_wall":6,"minecraft:player_head":17,"minecraft:birch_trapdoor":16,"minecraft:diamond_sword":143,"minecraft:repeater":15,"minecraft:redstone_lamp":4,"minecraft:comparator":4,"minecraft:lime_concrete":46,"minecraft:bow":25,"minecraft:light_blue_concrete":46,"minecraft:blue_stained_glass":1,"minecraft:lime_stained_glass":4,"minecraft:yellow_concrete":97,"minecraft:chain_command_block":6,"minecraft:andesite":24,"minecraft:chain":18,"minecraft:pink_stained_glass":2,"minecraft:gray_concrete":146,"minecraft:white_concrete":145,"minecraft:stone_brick_wall":22,"minecraft:blue_concrete":43}},"DataVersion":2730}