{"stats":{"minecraft:used":{"minecraft:diamond_sword":195,"minecraft:waxed_oxidized_copper":2,"minecraft:writable_book":1,"minecraft:sea_lantern":6,"minecraft:bow":84,"minecraft:red_wool":8,"minecraft:command_block":1,"minecraft:carrot_on_a_stick":697,"minecraft:quartz_block":24,"minecraft:blue_wool":2,"minecraft:green_stained_glass":9},"minecraft:custom":{"minecraft:time_since_rest":931696,"minecraft:open_chest":1,"minecraft:open_enderchest":11,"minecraft:crouch_one_cm":12575,"minecraft:play_time":1945847,"minecraft:sprint_one_cm":502423,"minecraft:deaths":3,"minecraft:damage_taken":663,"minecraft:walk_one_cm":556645,"minecraft:sneak_time":4163,"minecraft:walk_under_water_one_cm":16971,"minecraft:drop":1,"minecraft:interact_with_lectern":4,"minecraft:jump":3290,"minecraft:damage_dealt":0,"minecraft:leave_game":13,"minecraft:walk_on_water_one_cm":874,"minecraft:time_since_death":931676,"minecraft:climb_one_cm":3966,"minecraft:total_world_time":1945847,"minecraft:damage_resisted":8676420,"minecraft:fall_one_cm":51406,"minecraft:fly_one_cm":801873},"minecraft:dropped":{"minecraft:green_stained_glass_pane":1},"minecraft:killed_by":{"minecraft:player":1}},"DataVersion":2730}