{"stats":{"minecraft:dropped":{"minecraft:oak_sign":1,"minecraft:carrot_on_a_stick":1},"minecraft:used":{"minecraft:diamond_sword":20,"minecraft:bow":13,"minecraft:carrot_on_a_stick":295},"minecraft:custom":{"minecraft:time_since_rest":33121,"minecraft:crouch_one_cm":859,"minecraft:deaths":1,"minecraft:play_time":33350,"minecraft:sprint_one_cm":102461,"minecraft:open_enderchest":4,"minecraft:damage_taken":0,"minecraft:walk_one_cm":225240,"minecraft:sneak_time":371,"minecraft:walk_under_water_one_cm":5848,"minecraft:mob_kills":2,"minecraft:drop":2,"minecraft:jump":177,"minecraft:damage_dealt":487,"minecraft:leave_game":3,"minecraft:walk_on_water_one_cm":225,"minecraft:time_since_death":33101,"minecraft:total_world_time":33350,"minecraft:climb_one_cm":1502,"minecraft:damage_resisted":249828,"minecraft:swim_one_cm":9996,"minecraft:fall_one_cm":21700,"minecraft:fly_one_cm":45046}},"DataVersion":2730}