{"stats":{"minecraft:custom":{"minecraft:interact_with_anvil":1,"minecraft:mob_kills":8,"minecraft:leave_game":90,"minecraft:time_since_death":508274,"minecraft:climb_one_cm":144500,"minecraft:damage_resisted":24591593,"minecraft:sprint_one_cm":7296160,"minecraft:walk_one_cm":5062380,"minecraft:drop":85,"minecraft:play_time":5070053,"minecraft:deaths":11,"minecraft:sneak_time":89662,"minecraft:walk_under_water_one_cm":163662,"minecraft:interact_with_lectern":30,"minecraft:jump":29733,"minecraft:walk_on_water_one_cm":53605,"minecraft:total_world_time":5070053,"minecraft:interact_with_loom":60,"minecraft:sleep_in_bed":9,"minecraft:time_since_rest":508294,"minecraft:open_enderchest":67,"minecraft:damage_taken":3280,"minecraft:damage_dealt":10052,"minecraft:swim_one_cm":36796,"minecraft:fly_one_cm":21710114,"minecraft:open_chest":5,"minecraft:crouch_one_cm":288639,"minecraft:fall_one_cm":1084718},"minecraft:used":{"minecraft:oak_fence":38,"minecraft:purpur_block":5,"minecraft:iron_bars":6,"minecraft:flint_and_steel":24,"minecraft:red_concrete":90,"minecraft:spruce_slab":11,"minecraft:redstone":14,"minecraft:carrot_on_a_stick":12284,"minecraft:diamond_hoe":44,"minecraft:ladder":14,"minecraft:oak_sign":9,"minecraft:spruce_planks":38,"minecraft:green_banner":2,"minecraft:axolotl_spawn_egg":8,"minecraft:chest":2,"minecraft:stone":23,"minecraft:white_terracotta":82,"minecraft:ender_chest":2,"minecraft:brown_concrete":91,"minecraft:quartz_stairs":46,"minecraft:player_head":115,"minecraft:green_terracotta":56,"minecraft:stripped_crimson_stem":1,"minecraft:netherrack":3,"minecraft:orange_stained_glass":19,"minecraft:spyglass":69,"minecraft:dirt":290,"minecraft:warped_wart_block":78,"minecraft:anvil":1,"minecraft:blue_stained_glass":23,"minecraft:spruce_stairs":49,"minecraft:twisting_vines":1,"minecraft:warped_door":2,"minecraft:blue_concrete":22,"minecraft:spruce_fence":9,"minecraft:axolotl_bucket":1,"minecraft:light_blue_stained_glass":24,"minecraft:nether_brick_stairs":13,"minecraft:obsidian":2,"minecraft:polished_diorite":35,"minecraft:shroomlight":6,"minecraft:glass":75,"minecraft:dark_oak_planks":225,"minecraft:wooden_axe":2,"minecraft:lime_banner":1,"minecraft:light_gray_stained_glass":13,"minecraft:quartz_pillar":1,"minecraft:iron_block":526,"minecraft:quartz_slab":376,"minecraft:red_wool":336,"minecraft:warped_hyphae":2,"minecraft:yellow_stained_glass":20,"minecraft:lantern":6,"minecraft:grass_block":16,"minecraft:oak_stairs":2,"minecraft:warped_fence":4,"minecraft:smooth_sandstone":4,"minecraft:quartz_block":633,"minecraft:green_wool":42,"minecraft:warped_nylium":8,"minecraft:dark_oak_slab":59,"minecraft:smooth_quartz":288,"minecraft:diorite_wall":21,"minecraft:pink_wool":2,"minecraft:prismarine_slab":7,"minecraft:stone_bricks":1,"minecraft:blue_banner":5,"minecraft:bedrock":15,"minecraft:purple_concrete":46,"minecraft:glowstone":4,"minecraft:lime_concrete":64,"minecraft:bow":386,"minecraft:black_stained_glass":10,"minecraft:magenta_wool":4,"minecraft:emerald_block":4,"minecraft:iron_trapdoor":12,"minecraft:lime_stained_glass":63,"minecraft:gold_block":20,"minecraft:stone_pressure_plate":14,"minecraft:dragon_head":2,"minecraft:mossy_stone_brick_wall":70,"minecraft:cobbled_deepslate_wall":19,"minecraft:deepslate_brick_wall":2,"minecraft:quartz_bricks":1,"minecraft:dark_oak_stairs":157,"minecraft:yellow_banner":2,"minecraft:mossy_stone_bricks":62,"minecraft:warped_stem":16,"minecraft:end_rod":9,"minecraft:snow_block":16,"minecraft:red_stained_glass":174,"minecraft:prismarine":3,"minecraft:lime_wool":8,"minecraft:blue_wool":161,"minecraft:polished_diorite_slab":38,"minecraft:ender_pearl":19,"minecraft:magenta_stained_glass":32,"minecraft:cauldron":13,"minecraft:redstone_block":33,"minecraft:white_dye":1,"minecraft:spruce_sign":10,"minecraft:glow_ink_sac":1,"minecraft:purpur_pillar":20,"minecraft:oak_leaves":23,"minecraft:glow_item_frame":1,"minecraft:white_wool":395,"minecraft:pink_concrete":12,"minecraft:blue_dye":1,"minecraft:purpur_stairs":185,"minecraft:lime_terracotta":139,"minecraft:loom":4,"minecraft:red_bed":3,"minecraft:red_mushroom":2,"minecraft:black_banner":2,"minecraft:yellow_concrete":6,"minecraft:sponge":4,"minecraft:oxidized_cut_copper_slab":1,"minecraft:stone_brick_wall":15,"minecraft:magenta_carpet":18,"minecraft:end_stone":76,"minecraft:birch_fence":68,"minecraft:oak_log":34,"minecraft:black_terracotta":22,"minecraft:sticky_piston":5,"minecraft:piston":4,"minecraft:lever":4,"minecraft:light":3,"minecraft:black_concrete":71,"minecraft:black_wool":110,"minecraft:crying_obsidian":3,"minecraft:command_block":56,"minecraft:brown_wool":96,"minecraft:barrier":78,"minecraft:magenta_concrete":1,"minecraft:iron_door":22,"minecraft:yellow_wool":35,"minecraft:diamond_sword":1161,"minecraft:red_concrete_powder":1,"minecraft:white_banner":56,"minecraft:grindstone":4,"minecraft:ice":115,"minecraft:dark_oak_fence":55,"minecraft:andesite":2,"minecraft:lapis_block":2,"minecraft:white_stained_glass":30,"minecraft:red_banner":73,"minecraft:sandstone_slab":19,"minecraft:chain":101,"minecraft:glass_pane":14,"minecraft:pink_stained_glass":4,"minecraft:repeating_command_block":36,"minecraft:white_concrete":438,"minecraft:bone_meal":1,"minecraft:smooth_stone":1,"minecraft:green_stained_glass":2},"minecraft:dropped":{"minecraft:spruce_sign":1,"minecraft:barrier":5,"minecraft:carrot_on_a_stick":8,"minecraft:stripped_crimson_stem":1,"minecraft:blue_dye":49,"minecraft:wooden_axe":1,"minecraft:brown_wool":2,"minecraft:red_dye":1,"minecraft:black_concrete":1,"minecraft:green_stained_glass_pane":1,"minecraft:twisting_vines":1,"minecraft:obsidian":1,"minecraft:diamond_hoe":1,"minecraft:blue_wool":1,"minecraft:end_stone":1,"minecraft:yellow_stained_glass":1,"minecraft:white_terracotta":1,"minecraft:light":1,"minecraft:diamond_sword":3,"minecraft:light_blue_dye":1,"minecraft:stone":1,"minecraft:quartz_block":1,"minecraft:glowstone":1},"minecraft:killed":{"minecraft:iron_golem":1,"minecraft:ravager":5,"minecraft:sheep":1}},"DataVersion":2730}