{"stats":{"minecraft:custom":{"minecraft:jump":503,"minecraft:time_since_rest":6507,"minecraft:crouch_one_cm":17,"minecraft:deaths":7,"minecraft:leave_game":2,"minecraft:play_time":22234,"minecraft:sprint_one_cm":43192,"minecraft:damage_taken":1600,"minecraft:time_since_death":6458,"minecraft:walk_one_cm":25502,"minecraft:sneak_time":154,"minecraft:total_world_time":22234,"minecraft:drop":112,"minecraft:fall_one_cm":11495,"minecraft:fly_one_cm":123242},"minecraft:dropped":{"minecraft:diamond_sword":16,"minecraft:carrot_on_a_stick":96},"minecraft:used":{"minecraft:carrot_on_a_stick":176}},"DataVersion":2730}