{"stats":{"minecraft:custom":{"minecraft:jump":186,"minecraft:time_since_rest":26400,"minecraft:damage_dealt":0,"minecraft:crouch_one_cm":225,"minecraft:leave_game":1,"minecraft:sprint_one_cm":33702,"minecraft:play_time":26400,"minecraft:damage_taken":0,"minecraft:time_since_death":26400,"minecraft:walk_one_cm":156447,"minecraft:sneak_time":29,"minecraft:climb_one_cm":2176,"minecraft:total_world_time":26400,"minecraft:damage_resisted":144743,"minecraft:fall_one_cm":4687,"minecraft:fly_one_cm":2733},"minecraft:used":{"minecraft:carrot_on_a_stick":153,"minecraft:diamond_sword":13}},"DataVersion":2730}