{"stats":{"minecraft:used":{"minecraft:brown_terracotta":11,"minecraft:diamond_sword":167,"minecraft:diamond_pickaxe":20,"minecraft:bow":500,"minecraft:red_wool":24,"minecraft:lime_stained_glass":17,"minecraft:carrot_on_a_stick":5210,"minecraft:brown_wool":11,"minecraft:barrier":213,"minecraft:purple_wool":4,"minecraft:polished_diorite":17,"minecraft:cobweb":13,"minecraft:player_head":15},"minecraft:custom":{"minecraft:time_since_rest":147139,"minecraft:crouch_one_cm":27450,"minecraft:damage_taken":280,"minecraft:play_time":494907,"minecraft:sprint_one_cm":1969878,"minecraft:open_enderchest":36,"minecraft:walk_one_cm":998983,"minecraft:deaths":6,"minecraft:sneak_time":9478,"minecraft:walk_under_water_one_cm":282,"minecraft:drop":24,"minecraft:jump":11721,"minecraft:interact_with_grindstone":2,"minecraft:damage_dealt":0,"minecraft:leave_game":16,"minecraft:walk_on_water_one_cm":103,"minecraft:time_since_death":147119,"minecraft:climb_one_cm":18727,"minecraft:total_world_time":494907,"minecraft:damage_resisted":7094132,"minecraft:swim_one_cm":1003,"minecraft:fall_one_cm":353152,"minecraft:fly_one_cm":3549340},"minecraft:dropped":{"minecraft:diamond_sword":23,"minecraft:red_stained_glass":1},"minecraft:mined":{"minecraft:magenta_carpet":1,"minecraft:quartz_block":18,"minecraft:smooth_quartz":2,"minecraft:sand":1,"minecraft:player_head":2}},"DataVersion":2730}