{"stats":{"minecraft:used":{"minecraft:diamond_sword":26,"minecraft:bow":30,"minecraft:carrot_on_a_stick":3028},"minecraft:custom":{"minecraft:time_since_rest":326752,"minecraft:crouch_one_cm":9728,"minecraft:play_time":326752,"minecraft:sprint_one_cm":463347,"minecraft:open_enderchest":14,"minecraft:damage_taken":240,"minecraft:walk_one_cm":498055,"minecraft:sneak_time":4230,"minecraft:walk_under_water_one_cm":8808,"minecraft:mob_kills":7,"minecraft:drop":109,"minecraft:jump":3415,"minecraft:damage_dealt":1670,"minecraft:leave_game":7,"minecraft:walk_on_water_one_cm":4464,"minecraft:time_since_death":326752,"minecraft:climb_one_cm":5264,"minecraft:total_world_time":326752,"minecraft:damage_resisted":3934489,"minecraft:swim_one_cm":7664,"minecraft:fall_one_cm":90184,"minecraft:fly_one_cm":1136191},"minecraft:dropped":{"minecraft:barrier":7,"minecraft:light_blue_dye":29,"minecraft:red_dye":21,"minecraft:bow":1,"minecraft:yellow_dye":17,"minecraft:green_dye":25,"minecraft:oak_sign":4,"minecraft:carrot_on_a_stick":7}},"DataVersion":2730}