{"stats":{"minecraft:custom":{"minecraft:mob_kills":2,"minecraft:interact_with_grindstone":1,"minecraft:leave_game":70,"minecraft:time_since_death":148394,"minecraft:sleep_in_bed":13,"minecraft:climb_one_cm":144393,"minecraft:damage_resisted":24361301,"minecraft:time_since_rest":148414,"minecraft:walk_one_cm":4065158,"minecraft:sprint_one_cm":4698016,"minecraft:open_enderchest":59,"minecraft:damage_taken":3440,"minecraft:trigger_trapped_chest":1,"minecraft:drop":64,"minecraft:damage_dealt":1051,"minecraft:swim_one_cm":51103,"minecraft:fly_one_cm":9417535,"minecraft:open_chest":6,"minecraft:crouch_one_cm":78114,"minecraft:play_time":5564193,"minecraft:deaths":13,"minecraft:sneak_time":39299,"minecraft:walk_under_water_one_cm":36490,"minecraft:interact_with_lectern":46,"minecraft:jump":26775,"minecraft:walk_on_water_one_cm":16738,"minecraft:total_world_time":5564193,"minecraft:fall_one_cm":426468},"minecraft:used":{"minecraft:cobbled_deepslate_wall":20,"minecraft:oak_trapdoor":45,"minecraft:oak_fence":152,"minecraft:orange_dye":1,"minecraft:nether_brick_fence":40,"minecraft:water_bucket":5,"minecraft:iron_bars":39,"minecraft:light_gray_dye":9,"minecraft:orange_concrete":2,"minecraft:snow_block":6,"minecraft:red_stained_glass":61,"minecraft:armor_stand":15,"minecraft:red_concrete":12,"minecraft:polished_blackstone":1,"minecraft:polished_andesite":2,"minecraft:carrot_on_a_stick":8050,"minecraft:oak_planks":6,"minecraft:ladder":9,"minecraft:oak_sign":8,"minecraft:polished_diorite_slab":3,"minecraft:chest":108,"minecraft:tinted_glass":11,"minecraft:stone":172,"minecraft:quartz_stairs":238,"minecraft:glow_ink_sac":2,"minecraft:player_head":1,"minecraft:purpur_pillar":16,"minecraft:orange_stained_glass":4,"minecraft:pink_concrete":1,"minecraft:torch":4,"minecraft:brown_dye":1,"minecraft:blue_dye":4,"minecraft:purpur_stairs":14,"minecraft:lime_terracotta":26,"minecraft:light_blue_concrete":2,"minecraft:light_blue_dye":2,"minecraft:white_carpet":98,"minecraft:oak_slab":3,"minecraft:blue_stained_glass":41,"minecraft:red_bed":76,"minecraft:spruce_stairs":5,"minecraft:yellow_concrete":4,"minecraft:stone_stairs":169,"minecraft:cyan_dye":2,"minecraft:stone_brick_wall":60,"minecraft:glow_lichen":18,"minecraft:painting":92,"minecraft:granite":3,"minecraft:light_blue_stained_glass":16,"minecraft:blue_concrete":16,"minecraft:oak_fence_gate":15,"minecraft:polished_diorite":16,"minecraft:birch_fence":3,"minecraft:black_terracotta":43,"minecraft:dark_oak_planks":2,"minecraft:brown_terracotta":43,"minecraft:yellow_dye":1,"minecraft:sea_lantern":50,"minecraft:black_concrete":13,"minecraft:lava_bucket":4,"minecraft:stripped_dark_oak_wood":47,"minecraft:light_gray_stained_glass":66,"minecraft:quartz_pillar":2,"minecraft:lantern":16,"minecraft:black_stained_glass_pane":5,"minecraft:command_block":5,"minecraft:quartz_slab":215,"minecraft:yellow_stained_glass":1,"minecraft:iron_block":49,"minecraft:grass_block":92,"minecraft:barrier":37,"minecraft:brown_wool":28,"minecraft:warped_fence":14,"minecraft:smooth_sandstone":1,"minecraft:quartz_block":712,"minecraft:stone_slab":50,"minecraft:red_terracotta":59,"minecraft:purpur_slab":35,"minecraft:spruce_trapdoor":4,"minecraft:smooth_quartz":157,"minecraft:diorite_wall":4,"minecraft:pink_wool":1,"minecraft:stone_bricks":38,"minecraft:soul_lantern":8,"minecraft:item_frame":24,"minecraft:bedrock":124,"minecraft:red_stained_glass_pane":11,"minecraft:diamond_sword":717,"minecraft:glowstone":62,"minecraft:red_carpet":12,"minecraft:bow":768,"minecraft:magma_block":2,"minecraft:snow":2,"minecraft:black_stained_glass":1,"minecraft:white_banner":8,"minecraft:lime_stained_glass":1,"minecraft:white_stained_glass_pane":1,"minecraft:white_stained_glass":17,"minecraft:chain":4,"minecraft:glass_pane":61,"minecraft:gold_block":9,"minecraft:white_concrete":28,"minecraft:brown_candle":16,"minecraft:green_stained_glass_pane":1,"minecraft:green_stained_glass":140},"minecraft:dropped":{"minecraft:player_head":1,"minecraft:polished_blackstone":1,"minecraft:yellow_concrete":1,"minecraft:oak_fence":2,"minecraft:barrier":1,"minecraft:blue_concrete":1,"minecraft:quartz_pillar":1,"minecraft:purpur_stairs":1,"minecraft:deepslate_tile_slab":1,"minecraft:carrot_on_a_stick":13,"minecraft:glass_pane":2,"minecraft:grass_block":2,"minecraft:birch_slab":2,"minecraft:coal_block":1,"minecraft:stick":5,"minecraft:polished_andesite":1,"minecraft:diamond_sword":3,"minecraft:sea_lantern":2,"minecraft:snow":1,"minecraft:dirt":2,"minecraft:blue_dye":2,"minecraft:poppy":1,"minecraft:stone":1,"minecraft:quartz_block":5,"minecraft:quartz_stairs":1,"minecraft:glowstone":2,"minecraft:ladder":1,"minecraft:white_banner":1,"minecraft:painting":1,"minecraft:iron_bars":1,"minecraft:black_concrete":2,"minecraft:light_blue_stained_glass_pane":1,"minecraft:green_stained_glass_pane":2,"minecraft:dandelion":1}},"DataVersion":2730}