{"stats":{"minecraft:custom":{"minecraft:time_since_rest":2004227,"minecraft:sprint_one_cm":2460138,"minecraft:open_enderchest":101,"minecraft:damage_taken":2440,"minecraft:walk_one_cm":5201082,"minecraft:mob_kills":5,"minecraft:drop":3,"minecraft:damage_dealt":1250,"minecraft:swim_one_cm":10838,"minecraft:fly_one_cm":7412718,"minecraft:crouch_one_cm":81285,"minecraft:play_time":13171788,"minecraft:deaths":9,"minecraft:sneak_time":39307,"minecraft:walk_under_water_one_cm":3551,"minecraft:jump":23212,"minecraft:leave_game":63,"minecraft:time_since_death":2004207,"minecraft:walk_on_water_one_cm":28054,"minecraft:total_world_time":13171788,"minecraft:climb_one_cm":18364,"minecraft:damage_resisted":9726926,"minecraft:fall_one_cm":501696},"minecraft:killed":{"minecraft:zombie":4,"minecraft:shulker":1},"minecraft:dropped":{"minecraft:carrot_on_a_stick":3},"minecraft:used":{"minecraft:big_dripleaf":5,"minecraft:end_rod":6,"minecraft:yellow_dye":1,"minecraft:brown_terracotta":44,"minecraft:lever":3,"minecraft:dark_oak_planks":21,"minecraft:light":24,"minecraft:sea_lantern":29,"minecraft:lava_bucket":10,"minecraft:quartz_pillar":6,"minecraft:orange_concrete":7,"minecraft:stone_button":2,"minecraft:command_block":22,"minecraft:yellow_stained_glass":18,"minecraft:armor_stand":4,"minecraft:red_stained_glass":19,"minecraft:red_concrete":280,"minecraft:carrot_on_a_stick":19910,"minecraft:redstone":2,"minecraft:barrier":32,"minecraft:lime_wool":13,"minecraft:quartz_block":515,"minecraft:oak_sign":4,"minecraft:stone_slab":127,"minecraft:ender_chest":2,"minecraft:stone":467,"minecraft:raw_gold_block":69,"minecraft:magenta_stained_glass":49,"minecraft:pink_wool":21,"minecraft:pink_stained_glass_pane":32,"minecraft:glow_ink_sac":1,"minecraft:player_head":3,"minecraft:polished_andesite_slab":1,"minecraft:item_frame":64,"minecraft:orange_stained_glass":42,"minecraft:pink_concrete":48,"minecraft:diamond_sword":439,"minecraft:glowstone":4,"minecraft:magma_block":22,"minecraft:bow":800,"minecraft:black_stained_glass":8,"minecraft:magenta_wool":6,"minecraft:blue_stained_glass":27,"minecraft:lime_stained_glass":20,"minecraft:light_blue_wool":5,"minecraft:white_stained_glass":6,"minecraft:pink_stained_glass":263,"minecraft:orange_wool":10,"minecraft:repeating_command_block":11,"minecraft:white_concrete":23,"minecraft:blue_concrete":274,"minecraft:end_stone":4,"minecraft:light_blue_stained_glass":30,"minecraft:polished_blackstone_stairs":55,"minecraft:gray_stained_glass":2,"minecraft:cobbled_deepslate_wall":379}},"DataVersion":2730}