{"stats":{"minecraft:custom":{"minecraft:mob_kills":2,"minecraft:interact_with_crafting_table":1,"minecraft:leave_game":47,"minecraft:time_since_death":996652,"minecraft:climb_one_cm":66352,"minecraft:damage_resisted":27992047,"minecraft:sprint_one_cm":9614276,"minecraft:walk_one_cm":6525069,"minecraft:drop":16,"minecraft:play_time":3227679,"minecraft:deaths":5,"minecraft:sneak_time":125288,"minecraft:walk_under_water_one_cm":5148,"minecraft:interact_with_lectern":32,"minecraft:jump":38036,"minecraft:walk_on_water_one_cm":4880,"minecraft:total_world_time":3227679,"minecraft:interact_with_cartography_table":2,"minecraft:time_since_rest":996672,"minecraft:open_enderchest":161,"minecraft:damage_taken":640,"minecraft:damage_dealt":320,"minecraft:interact_with_beacon":9,"minecraft:swim_one_cm":8518,"minecraft:fly_one_cm":21850225,"minecraft:crouch_one_cm":393884,"minecraft:fall_one_cm":996646},"minecraft:used":{"minecraft:oak_trapdoor":15,"minecraft:blue_terracotta":37,"minecraft:iron_bars":23,"minecraft:orange_concrete":22,"minecraft:red_concrete":130,"minecraft:armor_stand":6,"minecraft:spruce_slab":161,"minecraft:redstone":10,"minecraft:carrot_on_a_stick":13434,"minecraft:ladder":30,"minecraft:oak_sign":1,"minecraft:mycelium":2,"minecraft:light_blue_terracotta":13,"minecraft:spruce_planks":407,"minecraft:chest":8,"minecraft:white_terracotta":21,"minecraft:stone":115,"minecraft:brown_concrete":81,"minecraft:stripped_birch_wood":26,"minecraft:grass":15,"minecraft:player_head":2,"minecraft:netherrack":1,"minecraft:dirt":6,"minecraft:birch_pressure_plate":4,"minecraft:warped_wart_block":55,"minecraft:nether_bricks":54,"minecraft:spruce_stairs":139,"minecraft:twisting_vines":54,"minecraft:prismarine_brick_stairs":16,"minecraft:stone_stairs":12,"minecraft:nether_brick_slab":7,"minecraft:oak_wood":62,"minecraft:pink_terracotta":220,"minecraft:spruce_fence":117,"minecraft:blue_concrete":6,"minecraft:light_blue_stained_glass":11,"minecraft:shroomlight":1,"minecraft:crimson_button":6,"minecraft:glass":25,"minecraft:brown_terracotta":26,"minecraft:stone_brick_slab":6,"minecraft:dark_oak_planks":88,"minecraft:sea_lantern":2,"minecraft:stripped_dark_oak_wood":2,"minecraft:quartz_pillar":1,"minecraft:quartz_slab":30,"minecraft:warped_hyphae":3,"minecraft:yellow_stained_glass":3,"minecraft:lantern":4,"minecraft:grass_block":19,"minecraft:smooth_sandstone":35,"minecraft:acacia_slab":2,"minecraft:quartz_block":100,"minecraft:warped_nylium":15,"minecraft:wet_sponge":1,"minecraft:dark_oak_slab":67,"minecraft:smooth_quartz":14,"minecraft:pink_wool":2,"minecraft:stone_brick_stairs":268,"minecraft:stone_bricks":967,"minecraft:light_gray_wool":13,"minecraft:birch_button":3,"minecraft:purple_concrete":71,"minecraft:red_carpet":6,"minecraft:warped_stairs":6,"minecraft:lime_concrete":196,"minecraft:bow":1508,"minecraft:black_stained_glass":21,"minecraft:warped_fungus":82,"minecraft:emerald_block":32,"minecraft:soul_soil":1,"minecraft:magenta_terracotta":25,"minecraft:lime_stained_glass":15,"minecraft:furnace":4,"minecraft:gold_block":1,"minecraft:dead_bubble_coral_block":1,"minecraft:orange_terracotta":245,"minecraft:mossy_stone_brick_wall":1,"minecraft:pointed_dripstone":1,"minecraft:mossy_stone_bricks":36,"minecraft:warped_stem":9,"minecraft:amethyst_block":5,"minecraft:snow_block":172,"minecraft:birch_planks":13,"minecraft:stripped_birch_log":3,"minecraft:red_stained_glass":28,"minecraft:prismarine":5,"minecraft:jungle_fence":12,"minecraft:oak_planks":77,"minecraft:cartography_table":1,"minecraft:sandstone":116,"minecraft:magenta_stained_glass":5,"minecraft:beacon":3,"minecraft:chiseled_nether_bricks":2,"minecraft:purpur_pillar":9,"minecraft:cracked_stone_bricks":20,"minecraft:warped_roots":15,"minecraft:gilded_blackstone":1,"minecraft:pink_concrete":68,"minecraft:diamond_block":18,"minecraft:purpur_stairs":10,"minecraft:lime_terracotta":46,"minecraft:sand":9,"minecraft:terracotta":2,"minecraft:yellow_terracotta":85,"minecraft:oak_slab":40,"minecraft:crafting_table":1,"minecraft:birch_sign":6,"minecraft:light_gray_terracotta":9,"minecraft:yellow_concrete":117,"minecraft:purple_terracotta":3,"minecraft:stone_brick_wall":47,"minecraft:gray_concrete":61,"minecraft:magenta_carpet":181,"minecraft:warped_planks":412,"minecraft:spruce_log":31,"minecraft:birch_fence":109,"minecraft:redstone_torch":1,"minecraft:oak_log":111,"minecraft:gray_terracotta":15,"minecraft:light":73,"minecraft:black_concrete":18,"minecraft:acacia_door":8,"minecraft:crying_obsidian":18,"minecraft:birch_slab":12,"minecraft:command_block":15,"minecraft:light_gray_concrete":216,"minecraft:nether_sprouts":2,"minecraft:stone_button":6,"minecraft:map":2,"minecraft:brown_wool":42,"minecraft:barrier":8,"minecraft:oak_button":3,"minecraft:warped_slab":40,"minecraft:jungle_stairs":10,"minecraft:cyan_concrete":129,"minecraft:stone_slab":1,"minecraft:red_terracotta":26,"minecraft:polished_granite":2,"minecraft:spruce_trapdoor":11,"minecraft:iron_door":4,"minecraft:crimson_nylium":3,"minecraft:yellow_wool":42,"minecraft:soul_lantern":7,"minecraft:acacia_fence_gate":2,"minecraft:magenta_stained_glass_pane":6,"minecraft:diamond_sword":715,"minecraft:crimson_fungus":1,"minecraft:crimson_stairs":8,"minecraft:bubble_coral_block":1,"minecraft:white_stained_glass":129,"minecraft:andesite":19,"minecraft:pink_stained_glass":45,"minecraft:white_concrete":442,"minecraft:warped_button":7,"minecraft:bone_meal":137,"minecraft:soul_torch":4,"minecraft:birch_stairs":4,"minecraft:gray_stained_glass":9},"minecraft:dropped":{"minecraft:warped_stem":1,"minecraft:carrot_on_a_stick":6,"minecraft:pumpkin":1,"minecraft:diamond_sword":6,"minecraft:orange_terracotta":1,"minecraft:terracotta":1},"minecraft:crafted":{"minecraft:warped_stairs":4},"minecraft:killed":{"minecraft:zombie":2}},"DataVersion":2730}