{"stats":{"minecraft:mined":{"minecraft:sea_lantern":1},"minecraft:used":{"minecraft:carrot_on_a_stick":206,"minecraft:quartz_block":4,"minecraft:diamond_sword":51,"minecraft:sea_lantern":1,"minecraft:blue_stained_glass":44,"minecraft:red_stained_glass":46},"minecraft:custom":{"minecraft:jump":938,"minecraft:time_since_rest":24563,"minecraft:damage_taken":160,"minecraft:damage_dealt":0,"minecraft:crouch_one_cm":731,"minecraft:leave_game":6,"minecraft:sprint_one_cm":185673,"minecraft:play_time":24563,"minecraft:open_enderchest":5,"minecraft:time_since_death":24563,"minecraft:walk_one_cm":68269,"minecraft:sneak_time":161,"minecraft:climb_one_cm":1363,"minecraft:total_world_time":24563,"minecraft:damage_resisted":695421,"minecraft:fall_one_cm":51392,"minecraft:fly_one_cm":248279}},"DataVersion":2730}